url_length,has_https,num_dots,num_special_chars,has_suspicious_keyword,is_phishing
20,1,1,0,0,0
25,1,1,1,0,0
30,1,2,1,0,0
35,1,2,1,0,0
40,1,2,2,0,0
45,1,2,1,0,0
50,1,2,2,0,0
55,1,3,2,0,0
60,1,2,1,0,0
28,1,1,0,0,0
32,1,1,1,0,0
38,1,2,1,0,0
42,1,2,2,0,0
48,1,3,2,0,0
52,1,2,1,0,0
58,1,3,2,0,0
65,1,3,2,0,0
70,1,2,2,0,0
22,0,2,2,1,1
75,0,3,4,1,1
85,0,4,5,1,1
95,0,5,6,1,1
110,0,4,7,1,1
80,0,3,4,1,1
90,0,5,5,1,1
105,0,4,6,1,1
120,0,6,7,1,1
78,0,4,4,1,1
88,0,5,6,1,1
100,0,4,5,1,1
65,1,2,2,1,1
72,1,3,3,1,1
80,1,3,4,1,1
90,1,4,4,1,1
70,1,3,3,1,1
85,1,4,5,1,1
95,1,5,5,1,1
75,1,3,4,1,1
82,1,4,4,1,1
100,1,5,6,1,1